,trad_loss_func,weibull_loss_func
count,106.0,476.0
mean,57.18867924528302,219.71428571428572
std,66.60489231388154,333.5843273576362
min,1.0,1.0
25%,9.25,30.0
50%,36.5,98.0
75%,89.0,273.0
max,427.0,1950.0
median,36.5,98.0
